{"cameraMode":{"drawMode":0,"name":"Shaded","section":"Shading Mode"},"sceneLighting":true,"audioPlay":false,"sceneViewState":{"m_AlwaysRefresh":false,"showFog":true,"showSkybox":true,"showFlares":true,"showImageEffects":true,"showParticleSystems":true,"showVisualEffectGraphs":true,"m_FxEnabled":true},"in2DMode":false,"pivot":{"x":0.2708914875984192,"y":0.09330606460571289,"z":-0.3715212345123291},"rotation":{"x":-0.015047931112349034,"y":0.9834620952606201,"z":-0.1519666463136673,"w":-0.0973832905292511},"size":1.9059932231903077,"orthographic":false}